Name,Description,Photos,ImageURL,License,Source
Nike Air Force 1 '07,Iconic leather low-top with Air cushioning; everyday classic since 1982.,https://www.google.com/search?tbm=isch&q=Nike+Air+Force+1+%2707+sneaker,https://upload.wikimedia.org/wikipedia/commons/7/7e/Nike_air_Force_1_white_on_white.jpg,see-source,https://en.wikipedia.org/?curid=439998
Nike Air Max 1,Tinker Hatfield debut Air window runner; versatile retro lifestyle staple.,https://www.google.com/search?tbm=isch&q=Nike+Air+Max+1+sneaker,https://upload.wikimedia.org/wikipedia/commons/3/36/Nike_Air_Max_1.png,see-source,https://en.wikipedia.org/?curid=2452974
Nike Air Max 90,Chunky 1990 runner with visible Air and layered panels; durable.,https://www.google.com/search?tbm=isch&q=Nike+Air+Max+90+sneaker,https://upload.wikimedia.org/wikipedia/commons/3/36/Nike_Air_Max_1.png,see-source,https://en.wikipedia.org/?curid=2452974
Nike Air Max 95,Anatomy-inspired gradient upper; dual visible Air; 90s standout.,https://www.google.com/search?tbm=isch&q=Nike+Air+Max+95+sneaker,https://upload.wikimedia.org/wikipedia/commons/3/36/Nike_Air_Max_1.png,see-source,https://en.wikipedia.org/?curid=2452974
Nike Air Max 97,"Wavy, bullet-train lines; full-length Air; sleek reflective piping.",https://www.google.com/search?tbm=isch&q=Nike+Air+Max+97+sneaker,https://upload.wikimedia.org/wikipedia/commons/3/36/Nike_Air_Max_1.png,see-source,https://en.wikipedia.org/?curid=2452974
Nike Air Max 270,Lifestyle max-cushion heel Air unit; breathable knit upper.,https://www.google.com/search?tbm=isch&q=Nike+Air+Max+270+sneaker,https://upload.wikimedia.org/wikipedia/commons/3/36/Nike_Air_Max_1.png,see-source,https://en.wikipedia.org/?curid=2452974
Nike Air Max 720,Extra-tall Air unit for plush ride; futuristic sculpted look.,https://www.google.com/search?tbm=isch&q=Nike+Air+Max+720+sneaker,https://upload.wikimedia.org/wikipedia/commons/3/36/Nike_Air_Max_1.png,see-source,https://en.wikipedia.org/?curid=2452974
Nike React Infinity Run,High-stack foam trainer built for stability and daily mileage.,https://www.google.com/search?tbm=isch&q=Nike+React+Infinity+Run+sneaker,https://upload.wikimedia.org/wikipedia/commons/f/f0/Aryna_Sabalenka_%282024_DC_Open%29_06.jpg,see-source,https://en.wikipedia.org/?curid=50222577
Nike Pegasus 40,Reliable daily trainer; balanced cushioning and breathable mesh.,https://www.google.com/search?tbm=isch&q=Nike+Pegasus+40+sneaker,,,
Nike Dunk Low,80s basketball turned lifestyle; simple panels great for colorways.,https://www.google.com/search?tbm=isch&q=Nike+Dunk+Low+sneaker,https://upload.wikimedia.org/wikipedia/commons/c/c9/Panda_Nike_Dunk.jpg,see-source,https://en.wikipedia.org/?curid=45290757
Nike Dunk High,High-cut version of classic 80s basketball silhouette; padded collar.,https://www.google.com/search?tbm=isch&q=Nike+Dunk+High+sneaker,https://upload.wikimedia.org/wikipedia/commons/c/c9/Panda_Nike_Dunk.jpg,see-source,https://en.wikipedia.org/?curid=45290757
Nike Blazer Mid '77,Vintage hoops style; leather/suede with exposed foam tongue.,https://www.google.com/search?tbm=isch&q=Nike+Blazer+Mid+%2777+sneaker,https://upload.wikimedia.org/wikipedia/commons/8/8c/Travis_Kelce_%2853790185007%29_%28cropped%29.jpg,see-source,https://en.wikipedia.org/?curid=38384954
Nike Cortez,1972 track shoe with sawtooth sole; minimalist retro profile.,https://www.google.com/search?tbm=isch&q=Nike+Cortez+sneaker,https://upload.wikimedia.org/wikipedia/commons/9/94/Nike_Cortez.jpg,see-source,https://en.wikipedia.org/?curid=34763994
Nike Internationalist,80s runner aesthetic; suede/mesh mix; casual comfort.,https://www.google.com/search?tbm=isch&q=Nike+Internationalist+sneaker,,,
Nike Air Huarache,Neoprene bootie and heel cage; snug fit; early 90s icon.,https://www.google.com/search?tbm=isch&q=Nike+Air+Huarache+sneaker,https://upload.wikimedia.org/wikipedia/commons/d/d3/Nike_Campus%2C_Beaverton_-_DPLA_-_ffa63f1bbaf5cd21aeada3d3978db2b0.jpg,see-source,https://en.wikipedia.org/?curid=18998781
Nike Air Zoom Vomero 5,Cushioned runner turned street favorite; layered techy upper.,https://www.google.com/search?tbm=isch&q=Nike+Air+Zoom+Vomero+5+sneaker,https://upload.wikimedia.org/wikipedia/commons/7/7a/Nike_Zoom_Vomero_5.jpg,see-source,https://en.wikipedia.org/?curid=78094733
Nike ZoomX Vaporfly 3,Super shoe with carbon plate; elite marathon performance.,https://www.google.com/search?tbm=isch&q=Nike+ZoomX+Vaporfly+3+sneaker,,,
Nike Free RN,Flexible natural-motion trainer; lightweight knit upper.,https://www.google.com/search?tbm=isch&q=Nike+Free+RN+sneaker,https://upload.wikimedia.org/wikipedia/commons/4/4a/Nike_Free%2B_3_running_shoe.jpg,see-source,https://en.wikipedia.org/?curid=2631131
Nike ACG Mountain Fly Low,All-conditions rugged sole; trail-ready urban utility.,https://www.google.com/search?tbm=isch&q=Nike+ACG+Mountain+Fly+Low+sneaker,,,
Jordan 1 Retro High OG,1985 Michael Jordan signature; leather panels; timeless street staple.,https://www.google.com/search?tbm=isch&q=Jordan+1+Retro+High+OG+sneaker,https://upload.wikimedia.org/wikipedia/commons/9/9e/CL_HelloBitches_Profile_200px.jpg,see-source,https://en.wikipedia.org/?curid=48900719
Jordan 1 Mid,Accessible take on AJ1 with mid cut and broad color range.,https://www.google.com/search?tbm=isch&q=Jordan+1+Mid+sneaker,,,
Jordan 4 Retro,"Mesh side panels, visible Air; plastic wings; late-80s classic.",https://www.google.com/search?tbm=isch&q=Jordan+4+Retro+sneaker,,,
Jordan 3 Retro,Elephant print overlays; visible Air; pivotal Tinker design.,https://www.google.com/search?tbm=isch&q=Jordan+3+Retro+sneaker,,,
Jordan 11 Retro,Patent leather shine; translucent outsole; holiday favorite.,https://www.google.com/search?tbm=isch&q=Jordan+11+Retro+sneaker,,,
Jordan 6 Retro,"Heel spoiler, visible Air; worn during first championship.",https://www.google.com/search?tbm=isch&q=Jordan+6+Retro+sneaker,,,
Jordan 5 Retro,"Reflective tongue, shark-tooth midsole; inspired by fighter jets.",https://www.google.com/search?tbm=isch&q=Jordan+5+Retro+sneaker,,,
Jordan 13 Retro,Holographic cat eye; panther paw outsole; late-90s icon.,https://www.google.com/search?tbm=isch&q=Jordan+13+Retro+sneaker,,,
Jordan 12 Retro,Rising sun stitch lines; full-length Zoom; durable leather.,https://www.google.com/search?tbm=isch&q=Jordan+12+Retro+sneaker,,,
Converse Chuck Taylor All Star High,Canvas high-top with rubber toe cap; all-time casual essential.,https://www.google.com/search?tbm=isch&q=Converse+Chuck+Taylor+All+Star+High+sneaker,https://upload.wikimedia.org/wikipedia/commons/a/a5/Black_Converse_sneakers.JPG,see-source,https://en.wikipedia.org/?curid=1667713
Converse Chuck Taylor All Star Low,"Low-top canvas classic; versatile, simple, and affordable.",https://www.google.com/search?tbm=isch&q=Converse+Chuck+Taylor+All+Star+Low+sneaker,https://upload.wikimedia.org/wikipedia/commons/a/a5/Black_Converse_sneakers.JPG,see-source,https://en.wikipedia.org/?curid=1667713
Converse Chuck 70 High,Upgraded materials; vintage specs; thicker canvas and midsole.,https://www.google.com/search?tbm=isch&q=Converse+Chuck+70+High+sneaker,https://upload.wikimedia.org/wikipedia/commons/a/a5/Black_Converse_sneakers.JPG,see-source,https://en.wikipedia.org/?curid=1667713
Vans Old Skool,Skate classic with sidestripe; suede/canvas build; waffle outsole.,https://www.google.com/search?tbm=isch&q=Vans+Old+Skool+sneaker,https://upload.wikimedia.org/wikipedia/commons/8/88/Vans_%28brand%29_logo.svg,see-source,https://en.wikipedia.org/?curid=1233558
Vans Authentic,Low-profile canvas skate original; vulcanized sole; minimalist.,https://www.google.com/search?tbm=isch&q=Vans+Authentic+sneaker,https://upload.wikimedia.org/wikipedia/commons/8/88/Vans_%28brand%29_logo.svg,see-source,https://en.wikipedia.org/?curid=1233558
Vans Sk8-Hi,High-top skate silhouette; padded collar; durable suede panels.,https://www.google.com/search?tbm=isch&q=Vans+Sk8-Hi+sneaker,https://upload.wikimedia.org/wikipedia/commons/4/43/Anti_Social_Social_Club_logo.svg,see-source,https://en.wikipedia.org/?curid=55712073
Vans Slip-On,Laceless skate staple; checkerboard famous; easy on/off.,https://www.google.com/search?tbm=isch&q=Vans+Slip-On+sneaker,https://upload.wikimedia.org/wikipedia/commons/8/88/Vans_%28brand%29_logo.svg,see-source,https://en.wikipedia.org/?curid=1233558
adidas Stan Smith,Clean leather tennis shoe; perforated Three Stripes; minimal.,https://www.google.com/search?tbm=isch&q=adidas+Stan+Smith+sneaker,https://upload.wikimedia.org/wikipedia/commons/0/03/Stan_Smith_white_and_green.png,see-source,https://en.wikipedia.org/?curid=10073962
adidas Superstar,Shell toe basketball classic; leather upper; bold stripes.,https://www.google.com/search?tbm=isch&q=adidas+Superstar+sneaker,https://upload.wikimedia.org/wikipedia/commons/5/59/Adidas_Superstar_shoes_pair.jpg,see-source,https://en.wikipedia.org/?curid=9460463
adidas Samba OG,Indoor soccer classic turned lifestyle; gum sole; t-toe overlay.,https://www.google.com/search?tbm=isch&q=adidas+Samba+OG+sneaker,https://upload.wikimedia.org/wikipedia/commons/f/fa/Adidas_Samba_OG.jpg,see-source,https://en.wikipedia.org/?curid=9163148
adidas Gazelle,60s training shoe; suede upper; slim profile; retro feel.,https://www.google.com/search?tbm=isch&q=adidas+Gazelle+sneaker,https://upload.wikimedia.org/wikipedia/commons/1/19/Adidas_Gazelle.jpg,see-source,https://en.wikipedia.org/?curid=75123387
adidas Campus 00s,Chunkier take on Campus; skate-influenced proportions.,https://www.google.com/search?tbm=isch&q=adidas+Campus+00s+sneaker,https://upload.wikimedia.org/wikipedia/commons/c/cc/Campus_80s.jpg,see-source,https://en.wikipedia.org/?curid=75163867
adidas Forum Low,80s basketball strap; layered panels; retro court vibe.,https://www.google.com/search?tbm=isch&q=adidas+Forum+Low+sneaker,https://upload.wikimedia.org/wikipedia/commons/4/43/Adidas_Forum.jpg,see-source,https://en.wikipedia.org/?curid=75121450
adidas Forum High,High-cut Forum with ankle strap; classic hardwood style.,https://www.google.com/search?tbm=isch&q=adidas+Forum+High+sneaker,https://upload.wikimedia.org/wikipedia/commons/4/43/Adidas_Forum.jpg,see-source,https://en.wikipedia.org/?curid=75121450
adidas NMD_R1,Boost midsole lifestyle runner; sock-like knit upper.,https://www.google.com/search?tbm=isch&q=adidas+NMD_R1+sneaker,https://upload.wikimedia.org/wikipedia/commons/f/fc/Adidas_NMD_R1.jpg,see-source,https://en.wikipedia.org/?curid=75937030
adidas Ultraboost 1.0,High-energy Boost cushioning; Primeknit upper; everyday comfort.,https://www.google.com/search?tbm=isch&q=adidas+Ultraboost+1.0+sneaker,https://upload.wikimedia.org/wikipedia/commons/5/5a/Adidas_Ultra_Boost_4_running_shoes.jpeg,see-source,https://en.wikipedia.org/?curid=75513541
adidas Ultraboost 21,"Modern, high-stack Boost; torsion system; plush ride.",https://www.google.com/search?tbm=isch&q=adidas+Ultraboost+21+sneaker,https://upload.wikimedia.org/wikipedia/commons/f/ff/Adidas_Yeezy_Boost_%22Oxford_Tan%22.jpg,see-source,https://en.wikipedia.org/?curid=48613465
adidas ZX 8000,Torsion-era runner; bright palettes; technical retro look.,https://www.google.com/search?tbm=isch&q=adidas+ZX+8000+sneaker,https://upload.wikimedia.org/wikipedia/commons/1/1d/Exclusive_Interview_Keith_Hufnagel_-_Part_3_%282016%29.png,see-source,https://en.wikipedia.org/?curid=65492453
adidas Yeezy Boost 350 V2,"Knit upper and Boost midsole; sleek, minimal silhouette.",https://www.google.com/search?tbm=isch&q=adidas+Yeezy+Boost+350+V2+sneaker,https://upload.wikimedia.org/wikipedia/commons/f/ff/Adidas_Yeezy_Boost_%22Oxford_Tan%22.jpg,see-source,https://en.wikipedia.org/?curid=48613465
adidas Yeezy 700 V1,Chunky dad-shoe wave runner; layered suede and mesh.,https://www.google.com/search?tbm=isch&q=adidas+Yeezy+700+V1+sneaker,,,
New Balance 990v5,Made in USA dad-shoe icon; ENCAP support; premium suede.,https://www.google.com/search?tbm=isch&q=New+Balance+990v5+sneaker,https://upload.wikimedia.org/wikipedia/commons/4/42/New_Balance_Women%27s_990_Running_Shoes.jpg,see-source,https://en.wikipedia.org/?curid=45369793
New Balance 990v6,Modernized 990 with FuelCell elements; supportive daily wear.,https://www.google.com/search?tbm=isch&q=New+Balance+990v6+sneaker,https://upload.wikimedia.org/wikipedia/commons/4/42/New_Balance_Women%27s_990_Running_Shoes.jpg,see-source,https://en.wikipedia.org/?curid=45369793
New Balance 993,Cushioned ride; ABZORB midsole; Boston-made classic.,https://www.google.com/search?tbm=isch&q=New+Balance+993+sneaker,https://upload.wikimedia.org/wikipedia/commons/4/42/New_Balance_Women%27s_990_Running_Shoes.jpg,see-source,https://en.wikipedia.org/?curid=45369793
New Balance 992,Chunky retro runner; ABZORB SBS; famously worn by Jobs.,https://www.google.com/search?tbm=isch&q=New+Balance+992+sneaker,https://upload.wikimedia.org/wikipedia/commons/4/42/New_Balance_Women%27s_990_Running_Shoes.jpg,see-source,https://en.wikipedia.org/?curid=45369793
New Balance 2002R,Revived 2010s runner; N-ergy cushioning; great for lifestyle.,https://www.google.com/search?tbm=isch&q=New+Balance+2002R+sneaker,https://upload.wikimedia.org/wikipedia/commons/8/83/New_Balance_2002R.jpg,see-source,https://en.wikipedia.org/?curid=77112086
New Balance 1906R,2000s tech-runner aesthetic; Stability web; breathable mesh.,https://www.google.com/search?tbm=isch&q=New+Balance+1906R+sneaker,https://upload.wikimedia.org/wikipedia/commons/7/7e/New_Balance_1906R.jpg,see-source,https://en.wikipedia.org/?curid=77207295
New Balance 530,90s-inspired runner with ABZORB cushioning; versatile retro.,https://www.google.com/search?tbm=isch&q=New+Balance+530+sneaker,,,
New Balance 550,80s hoops low-top; leather build; revived lifestyle hit.,https://www.google.com/search?tbm=isch&q=New+Balance+550+sneaker,https://upload.wikimedia.org/wikipedia/commons/7/75/New_Balance_550.jpg,see-source,https://en.wikipedia.org/?curid=76885902
New Balance 574,Brand staple; ENCAP midsole; rugged yet casual.,https://www.google.com/search?tbm=isch&q=New+Balance+574+sneaker,https://upload.wikimedia.org/wikipedia/commons/2/22/New_Balance_574.jpg,see-source,https://en.wikipedia.org/?curid=78055521
New Balance Fresh Foam 1080v13,Max-cushion daily trainer; smooth rocker; knit upper.,https://www.google.com/search?tbm=isch&q=New+Balance+Fresh+Foam+1080v13+sneaker,,,
ASICS GEL-Kayano 30,Stability flagship; 4D Guidance; plush long-run comfort.,https://www.google.com/search?tbm=isch&q=ASICS+GEL-Kayano+30+sneaker,https://upload.wikimedia.org/wikipedia/commons/d/d6/Asics_Gel-NYC.jpg,see-source,https://en.wikipedia.org/?curid=80055116
ASICS GEL-Nimbus 26,Max-cushion neutral trainer; FF BLAST PLUS ECO foam.,https://www.google.com/search?tbm=isch&q=ASICS+GEL-Nimbus+26+sneaker,,,
ASICS GEL-Cumulus 26,"Reliable daily neutral trainer; smooth, moderate cushioning.",https://www.google.com/search?tbm=isch&q=ASICS+GEL-Cumulus+26+sneaker,https://upload.wikimedia.org/wikipedia/commons/8/83/Headquarters_of_ASICS_Corporation.JPG,see-source,https://en.wikipedia.org/?curid=1377666
ASICS GEL-1130,Retro running silhouette; layered overlays; budget-friendly.,https://www.google.com/search?tbm=isch&q=ASICS+GEL-1130+sneaker,https://upload.wikimedia.org/wikipedia/commons/3/35/Asics_Gel-1130.jpg,see-source,https://en.wikipedia.org/?curid=78372069
ASICS GT-2000 12,Light-stability daily trainer; energetic foam; reliable fit.,https://www.google.com/search?tbm=isch&q=ASICS+GT-2000+12+sneaker,https://upload.wikimedia.org/wikipedia/commons/9/94/Asics_GT-2160.jpg,see-source,https://en.wikipedia.org/?curid=78166040
ASICS GEL-Lyte III,Split tongue design; suede/mesh panels; retro comfort.,https://www.google.com/search?tbm=isch&q=ASICS+GEL-Lyte+III+sneaker,https://upload.wikimedia.org/wikipedia/commons/2/23/ASICS_x_Afew_Gel_Lyte_III_%27Koi%27.jpg,see-source,https://en.wikipedia.org/?curid=75141238
ASICS Novablast 4,Bouncy FF BLAST PLUS ECO foam; lively daily miles.,https://www.google.com/search?tbm=isch&q=ASICS+Novablast+4+sneaker,,,
Puma Suede Classic,Hip-hop era staple; soft suede upper; clean profile.,https://www.google.com/search?tbm=isch&q=Puma+Suede+Classic+sneaker,https://upload.wikimedia.org/wikipedia/commons/f/f3/Puma_Suede.jpg,see-source,https://en.wikipedia.org/?curid=74537144
Puma Clyde,Basketball heritage low-top; sleek suede leather build.,https://www.google.com/search?tbm=isch&q=Puma+Clyde+sneaker,https://upload.wikimedia.org/wikipedia/commons/6/66/Puma_Clyde.jpg,see-source,https://en.wikipedia.org/?curid=21029305
Puma RS-X,Bulky retro-futurist runner; layered panels; cushioned ride.,https://www.google.com/search?tbm=isch&q=Puma+RS-X+sneaker,https://upload.wikimedia.org/wikipedia/commons/6/64/1999_Ford_Puma_16_1.7.jpg,see-source,https://en.wikipedia.org/?curid=1179365
Puma Future Rider,80s-inspired runner; lightweight foam; colorful blocks.,https://www.google.com/search?tbm=isch&q=Puma+Future+Rider+sneaker,https://upload.wikimedia.org/wikipedia/commons/a/a7/Jochen_Zeitz_HD_Photo_2021.jpg,see-source,https://en.wikipedia.org/?curid=11201958
Puma Palermo,Terrace sneaker revival; gum sole; T-toe suede upper.,https://www.google.com/search?tbm=isch&q=Puma+Palermo+sneaker,https://upload.wikimedia.org/wikipedia/commons/a/a7/Zeppelinstra%C3%9Fe_2_Herzogenaurach_03.JPG,see-source,https://en.wikipedia.org/?curid=941852
Puma Speedcat,Motorsport-inspired low-profile; narrow fit; sleek look.,https://www.google.com/search?tbm=isch&q=Puma+Speedcat+sneaker,https://upload.wikimedia.org/wikipedia/commons/1/1f/Puma_Speedcat.jpg,see-source,https://en.wikipedia.org/?curid=80053655
Reebok Club C 85,Tennis-inspired leather low-top; minimal branding; versatile.,https://www.google.com/search?tbm=isch&q=Reebok+Club+C+85+sneaker,https://upload.wikimedia.org/wikipedia/commons/1/1d/FFC_crest.svg,see-source,https://en.wikipedia.org/?curid=187313
Reebok Classic Leather,Retro runner with leather upper; EVA cushioning; casual staple.,https://www.google.com/search?tbm=isch&q=Reebok+Classic+Leather+sneaker,https://upload.wikimedia.org/wikipedia/commons/3/31/Classics_Freestyle_%26_ClassicLeather_ReebokClassics.jpg,see-source,https://en.wikipedia.org/?curid=10074452
Reebok Workout Plus,H-Strap midfoot overlay; durable leather; gym classic.,https://www.google.com/search?tbm=isch&q=Reebok+Workout+Plus+sneaker,https://upload.wikimedia.org/wikipedia/commons/3/31/Classics_Freestyle_%26_ClassicLeather_ReebokClassics.jpg,see-source,https://en.wikipedia.org/?curid=10074452
Reebok Nano X4,Cross-training shoe; stable base; breathable support.,https://www.google.com/search?tbm=isch&q=Reebok+Nano+X4+sneaker,,,
Reebok Question Mid,Allen Iverson signature; pearlized toe; Hexalite cushioning.,https://www.google.com/search?tbm=isch&q=Reebok+Question+Mid+sneaker,https://upload.wikimedia.org/wikipedia/commons/3/31/Classics_Freestyle_%26_ClassicLeather_ReebokClassics.jpg,see-source,https://en.wikipedia.org/?curid=10074452
Reebok Pump Omni Zone II,High-top with Pump bladder; 90s hoops nostalgia.,https://www.google.com/search?tbm=isch&q=Reebok+Pump+Omni+Zone+II+sneaker,,,
Saucony Jazz Original,Retro runner; nylon/suede; comfy EVA midsole; casual fave.,https://www.google.com/search?tbm=isch&q=Saucony+Jazz+Original+sneaker,,,
Saucony Shadow 6000,90s runner with ionic cushioning; suede overlays; lifestyle.,https://www.google.com/search?tbm=isch&q=Saucony+Shadow+6000+sneaker,,,
Saucony Endorphin Speed 4,Nylon plate speed trainer; PWRRUN PB foam; uptempo.,https://www.google.com/search?tbm=isch&q=Saucony+Endorphin+Speed+4+sneaker,,,
Hoka Clifton 9,Lightweight max-cushion; smooth rocker; daily trainer.,https://www.google.com/search?tbm=isch&q=Hoka+Clifton+9+sneaker,https://upload.wikimedia.org/wikipedia/commons/a/a6/Justice_for_All_March_-_Dec._13%2C_2014_%2815397199274%29.jpg,see-source,https://en.wikipedia.org/?curid=67269724
Hoka Bondi 8,Ultra-cushioned maximalist; wide platform; recovery days.,https://www.google.com/search?tbm=isch&q=Hoka+Bondi+8+sneaker,https://upload.wikimedia.org/wikipedia/commons/b/b0/HOKA_Flatiron_store_New_York_City.jpg,see-source,https://en.wikipedia.org/?curid=41938515
Hoka Arahi 7,Stability model with J-Frame; cushioned yet supportive ride.,https://www.google.com/search?tbm=isch&q=Hoka+Arahi+7+sneaker,,,
On Cloud 5,Light everyday shoe; CloudTec pods; speed-lacing option.,https://www.google.com/search?tbm=isch&q=On+Cloud+5+sneaker,https://upload.wikimedia.org/wikipedia/commons/b/b5/Cloud_computing.svg,see-source,https://en.wikipedia.org/?curid=19541494
On Cloudmonster,Large CloudTec pods; energetic rocker; soft yet springy.,https://www.google.com/search?tbm=isch&q=On+Cloudmonster+sneaker,https://upload.wikimedia.org/wikipedia/commons/9/92/On-cloud-logo-white-background.svg,see-source,https://en.wikipedia.org/?curid=67901936
On Cloudswift 3,City runner with Helion foam; grippy outsole; sleek knit.,https://www.google.com/search?tbm=isch&q=On+Cloudswift+3+sneaker,https://upload.wikimedia.org/wikipedia/commons/3/31/Inauguraci%C3%B3n_%22Historieta_encontrada_en_un_b%C3%BAnker%22_-_47519268281_%28cropped%29.jpg,see-source,https://en.wikipedia.org/?curid=69600561
Salomon XT-6,Trail runner turned street icon; Agile Chassis; quicklace.,https://www.google.com/search?tbm=isch&q=Salomon+XT-6+sneaker,https://upload.wikimedia.org/wikipedia/commons/a/a0/Salomon_cross_country_skies_SLab_Skate.jpg,see-source,https://en.wikipedia.org/?curid=2602878
Salomon ACS Pro,Tech trail aesthetic; cage support; breathable mesh.,https://www.google.com/search?tbm=isch&q=Salomon+ACS+Pro+sneaker,https://upload.wikimedia.org/wikipedia/commons/4/4b/RDS03-94.svg,see-source,https://en.wikipedia.org/?curid=77650496
Salomon Speedcross 6,Aggressive lugs; mud-ready traction; snug trail fit.,https://www.google.com/search?tbm=isch&q=Salomon+Speedcross+6+sneaker,,,
Brooks Ghost 16,Neutral daily trainer; balanced cushioning; dependable fit.,https://www.google.com/search?tbm=isch&q=Brooks+Ghost+16+sneaker,https://upload.wikimedia.org/wikipedia/commons/d/d4/Mara_Brock_Akil_and_Girlfriends_cast.jpg,see-source,https://en.wikipedia.org/?curid=1035199
Brooks Adrenaline GTS 23,Stability with GuideRails; smooth ride; everyday mileage.,https://www.google.com/search?tbm=isch&q=Brooks+Adrenaline+GTS+23+sneaker,,,
Brooks Glycerin 21,Plush cushioning; premium upper; relaxed long runs.,https://www.google.com/search?tbm=isch&q=Brooks+Glycerin+21+sneaker,https://upload.wikimedia.org/wikipedia/commons/3/3a/2019-11-16_00_55_13_A_packet_of_Strawberry_Twizzlers_Twists_in_the_Dulles_section_of_Sterling%2C_Loudoun_County%2C_Virginia.jpg,see-source,https://en.wikipedia.org/?curid=801055
Mizuno Wave Rider 28,Responsive wave plate; balanced cushioning; durable ride.,https://www.google.com/search?tbm=isch&q=Mizuno+Wave+Rider+28+sneaker,https://upload.wikimedia.org/wikipedia/commons/c/cb/Kate_Higgins_by_Gage_Skidmore.jpg,see-source,https://en.wikipedia.org/?curid=3094659
Mizuno Wave Inspire 20,Stability runner; wave support; reliable daily miles.,https://www.google.com/search?tbm=isch&q=Mizuno+Wave+Inspire+20+sneaker,,,
Karhu Fusion 2.0,Finnish heritage runner; suede overlays; air-cushioned feel.,https://www.google.com/search?tbm=isch&q=Karhu+Fusion+2.0+sneaker,https://upload.wikimedia.org/wikipedia/commons/f/f7/Robert_Wadlow_postcard.jpg,see-source,https://en.wikipedia.org/?curid=238789
Diadora N9000,Italian-made retro runner; plush materials; bold colorblocking.,https://www.google.com/search?tbm=isch&q=Diadora+N9000+sneaker,,,
Veja V-10,Sustainable leather/suede; V logo; fair-trade materials.,https://www.google.com/search?tbm=isch&q=Veja+V-10+sneaker,https://upload.wikimedia.org/wikipedia/commons/7/71/2023_Honda_HR-V_Advance_i-MMD_CVT_1.5.jpg,see-source,https://en.wikipedia.org/?curid=2498915
Veja Campo,Minimal court silhouette; chrome-free leather; eco-focused.,https://www.google.com/search?tbm=isch&q=Veja+Campo+sneaker,https://upload.wikimedia.org/wikipedia/commons/f/f4/Nuno_campos_2022.png,see-source,https://en.wikipedia.org/?curid=69079126
Common Projects Achilles Low,Luxury minimalist leather sneaker; gold-stamped heel code.,https://www.google.com/search?tbm=isch&q=Common+Projects+Achilles+Low+sneaker,,,
Autry Medalist Low,80s tennis aesthetic; vintage midsole; leather build.,https://www.google.com/search?tbm=isch&q=Autry+Medalist+Low+sneaker,,,
